Track Name,Artist,Album,Popularity,Duration (minutes)
"Idhu Dhaan - From ""Sivappu Manjal Pachai""",Siddhu Kumar,"Idhu Dhaan (From ""Sivappu Manjal Pachai"")",53,3.1263
"Nee Kavithaigala - From ""Maragatha Naanayam""",Dhibu Ninan Thomas,I Love Pradeep Kumar,57,4.604166666666667
"Mudhal Nee Mudivum Nee Title Track (From ""Mudhal Nee Mudivum Nee"")",Darbuka Siva,"Mudhal Nee Mudivum Nee Title Track (From ""Mudhal Nee Mudivum Nee"")",69,5.5450333333333335
Nenjukulla Nee,"Vijay Prakash,Diwakar,Ajesh",Vadacurry (Original Motion Picture Soundtrack),0,4.979333333333333
Yennai Maatrum Kadhale,"Anirudh Ravichander,Sid Sriram",Wunderboy Anirudh,0,4.577966666666667
Kadhale Kadhale,Hiphop Tamizha,Indru Netru Naalai (Original Motion Picture Soundtrack),69,3.4511833333333333
Kan Irandil,Vijay Antony,Uthama Puthiran (Original Motion Picture Soundtrack),64,4.516666666666667
"Adiye - From ""Bachelor""",Dhibu Ninan Thomas,"Adiye (From ""Bachelor"")",71,4.533333333333333
Yaen Ennai Pirindhaai,Sid Sriram,Adithya Varma,65,3.3041666666666667
Thaarame Thaarame,Sid Sriram,Kadaram Kondan,67,3.8035666666666668
"Hi Sonna Pothum (From ""Comali"")",Hiphop Tamizha,"Hi Sonna Pothum (From ""Comali"")",63,3.8405
"Kadhaippoma (From ""Oh My Kadavule"")",Leon James,"Kadhaippoma (From ""Oh My Kadavule"")",71,4.7034666666666665
"Usure - From ""Sivappu Manjal Pachai""",Siddhu Kumar,"Usure (From ""Sivappu Manjal Pachai"")",63,3.6666666666666665
Thean Kudika,Teejay,Maze in Idhayam,0,4.240883333333334
"Takkunu Takkunu - From ""Mr. Local""",Hiphop Tamizha,"Takkunu Takkunu (From ""Mr. Local"")",65,3.54545
"Theethiriyaai (From ""Brahmastra (Tamil)"")",Pritam,"Theethiriyaai [From ""Brahmastra (Tamil)""]",53,4.639616666666667
Pogiren,Mugen Rao,Pogiren,61,4.056216666666667
"Pondattee - From ""Golisoda 2""",Achu,"Pondattee (From ""Golisoda 2"")",58,4.173266666666667
Alai Paayum,Ak Akiem,Alai Paayum,46,3.3777666666666666
Kanne Kanne - Madras Gig,Leon James,Kanne Kanne (Madras Gig),48,3.8527666666666667
Thanimai Kadhal,Lovely Rapper Shridhar,Thanimai Kadhal,55,5.033316666666667
"Kaaka Kadha - From ""Think Indie""",vaisagh,"Kaaka Kadha (From ""Think Indie"")",52,3.5
Muttu Muttu,Teejay,Vaanavil the Quest,0,5.549333333333333
Seiley Seiley,Kaushik Krish,Lockdown Kadha,0,3.8
En Rant Ah Konjam Kelu,vaisagh,En Rant Ah Konjam Kelu,0,3.4
Mai Potta Kannala,EJ Brothers,Mai Potta Kannala,53,4.564116666666667
"Enakenna Yaarum Illaye (From ""Aakko"")",Anirudh Ravichander,"Enakenna Yaarum Illaye (From ""Aakko"")",63,4.346866666666667
Omiyaa,Teejay,Vaanavil the Quest,0,4.64
Ennai Kollathey,Ztish,Geethaiyin Raadhai,62,5.4008
Enaku Oru Aasai,Teejay,Vaanavil the Quest,0,5.169333333333333
Yaayum,Shabir Sulthan,Sagaa (Original Motion Picture Soundtrack),66,4.77
Naan Sonnadhum Mazhai,Naresh Iyer,Mayakkam Enna,0,5.4985333333333335
"Sandalee - From ""Sema""",Velmurugan,I Love G.V. Prakash Kumar,38,5.390083333333333
Kannala Kannala - The Melting Point of Love,Hiphop Tamizha,Thani Oruvan (Original Motion Picture Soundtrack),71,3.5909333333333335
Malare,Vijay Yesudas,Premam (Original Motion Picture Soundtrack),0,5.27365
Nee Nenacha,Hiphop Tamizha,Mr. Local (Original Motion Picture Soundtrack),61,4.47805
Kanna Veesi,Siddhu Kumar,Kadhal Ondru Kanden,63,2.866233333333333
Pooparikka Neeyum,Shankar Mahadevan,Katrodu Puyalaaga Vandha Shankar Mahadevan,40,4.064
Idhazhin Oram - The Innocence of Love,Anirudh Ravichander,3 (Original Motion Picture Soundtrack),71,3.414433333333333
Oh Penne,Anirudh Ravichander,Vanakkam Chennai (Original Motion Picture Soundtrack),68,4.6066666666666665
Maya,Mugen Rao,Maya,50,3.2670333333333335
Nee Tholaindhaayo,Leon James,Kavalai Vendam (Original Motion Picture Soundtrack),53,3.71455
Shades of Kadhal,Maran,Shades of Kadhal,49,2.933333333333333
Shoot the Kuruvi,Vishal Chandrashekhar,Jil Jung Juk (Original Motion Picture Soundtrack),42,4.370733333333333
Ambikapathy,A.R. Rahman,Ambikapathy (Original Motion Picture Soundtrack),59,4.272666666666667
Dope Track,Yuvan Shankar Raja,Dope Track (From 'Pyaar Prema Kaadhal' Original Motion Picture Soundtrack),0,4.178066666666667
"Hey Penne (From ""Kattappava Kanom"")",Santhosh Dhayanidhi,"Hey Penne (From ""Kattappava Kanom"")",52,3.32235
"Meherezylaa - From ""Maanaadu""",Yuvan Shankar Raja,"Meherezylaa (From ""Maanaadu"")",45,4.32
Iragai Poley,Yuvan Shankar Raja,Naan Mahaan Alla (Original Motion Picture Soundtrack),66,5.29565
Voda Voda Voda,Dhanush,Mayakkam Enna,0,4.6063
Ava Enna,Harris Jayaraj,Vaaranam Aayiram (Original Motion Picture Soundtrack),69,5.308216666666667
Ennamo Yeadho,Harris Jayaraj,KO (Original Motion Picture Soundtrack),66,5.56
"Porkanda Singam (EDM Version) [From ""Vikram""]",Anirudh Ravichander,"Porkanda Singam (EDM Version) [From ""Vikram""]",55,2.49055
Marandhaye,D. Imman,Teddy (Original Motion Picture Soundtrack),55,4.988416666666667
Why This Kolaveri Di? - The Soup of Love,Anirudh Ravichander,Why This Kolaveri Di? (The Soup of Love),67,4.32155
Aathangara Orathil,Harris Jayaraj,Yaan (Original Motion Picture Soundtrack),63,4.4111
Kadhal Kappal,Santhosh Narayanan,Iraivi (Original Motion Picture Soundtrack),59,4.05
Pakkam Vanthu,Anirudh Ravichander,Kaththi (Original Motion Picture Soundtrack),64,4.305983333333334
Oh Shala Oh Shala,Yuvan Shankar Raja,Kaadhal Solla Vandhen (Original Motion Picture Soundtrack),52,4.233883333333333
Nee Singam Dhan,A.R. Rahman,Pathu Thala (Original Motion Picture Soundtrack),76,4.1299
"Yaaradiyo - From ""Gorilla""",Sam C.S.,"Yaaradiyo (From ""Gorilla"")",55,3.80975
Tamilselvi,Anirudh Ravichander,Remo (Original Motion Picture Soundtrack),60,3.8398
Venmegam,Yuvan Shankar Raja,Yaaradi Nee Mohini (Original Motion Picture Soundtrack),69,4.580883333333333
Kaadhal Endral,Yuvan Shankar Raja,Goa (Original Motion Picture Soundtrack),60,1.4522166666666667
"Thimiru Kaattaadha Di - From ""LKG""",Leon James,"Thimiru Kaattaadha Di (From ""LKG"")",56,3.9894666666666665
Munbe Vaa,Joshua Aaron,Munbe Vaa,50,2.491
Kadhal Oru Aagayam,Hiphop Tamizha,Imaikkaa Nodigal (Original Motion Picture Soundtrack),67,2.6960333333333333
DADA Song,Sathya Narayanan,DADA (Original Motion Picture Soundtrack),0,5.11
The Life of Ram,Govind Vasantha,96 (Original Motion Picture Soundtrack),65,5.90475
Veera Soora,Yuvan Shankar Raja,"Veera Soora (From ""Naane Varuvean"")",49,3.4190833333333335
Edhirthu Nill,Yuvan Shankar Raja,Biriyani (Original Motion Picture Soundtrack),54,4.355766666666667
Morattu Single,Hiphop Tamizha,Natpe Thunai (Original Motion Picture Soundtrack),55,3.11185
Konjam - 2,Armaan Malik,M.S.Dhoni - The Untold Story,44,3.6532333333333336
Edhirthu Nill,Yuvan Shankar Raja,Biriyani (Original Motion Picture Soundtrack),54,4.355766666666667
Jailer Theme - Instrumental,Anirudh Ravichander,Jailer (Original Motion Picture Soundtrack),51,1.03895
"Jujubee (From ""Jailer"")",Anirudh Ravichander,"Jujubee (From ""Jailer"")",51,2.7878666666666665
Ella Pugazhum,A.R. Rahman,Azagiya Tamilmagan (Soundtrack from the Motion Picture),57,5.5251
Azhagiye,A.R. Rahman,Kaatru Veliyidai (Original Motion Picture Soundtrack),60,3.744283333333333
Marudaani,A.R. Rahman,Sakkarakatti (Original Motion Picture Soundtrack),68,6.453333333333333
Local Boys,Anirudh Ravichander,Ethir Neechal (Original Motion Picture Soundtrack),60,4.573766666666667
Vaadi Vaadi,Vijay,Sachien,0,5.290483333333333
Peela Peela,Anirudh Ravichander,Thaanaa Serndha Koottam (Original Motion Picture Soundtrack),41,3.7336833333333335
Marudaani - Rendition,Sanah Moidutty,Marudaani (Rendition),60,2.9687333333333332
"En Veetula - From ""Idharkuthaane Aasaipattai Balakumara""",Gana Bala,Hits of Gaana Bala,51,4.16
"Adipoli (From ""Think Originals"")",Siddhu Kumar,"Adipoli (From ""Think Originals"")",57,2.879166666666667
Lajjavathiye,Jassie Gift,4 Students (Original Motion Picture Soundtrack),59,4.508283333333333
Vaa Chellam,Mani Sharma,Thoranai (Original Motion Picture Soundtrack),57,5.0911
"Hayyoda (From ""Jawan"")",Anirudh Ravichander,"Hayyoda (From ""Jawan"")",68,3.3357
Ada All Thotta Boopathi,Mani Sharma,Youth (Original Motion Picture Soundtrack),0,4.920216666666667
En Rojaa Neeye,Hesham Abdul Wahab,"En Rojaa Neeye (From ""Kushi"") (Tamil)",57,4.065783333333333
Enna Nadanthalum,Hiphop Tamizha,Meesaya Murukku (Original Motion Picture Soundtrack),67,4.0844
Hey Vetri Velaa,Mani Sharma,Padikkathavan (Original Motion Picture Soundtrack),62,4.743333333333333
Mudhal Kaadhal,Justin Prabhakaran,Adiyae (Original Motion Picture Soundtrack),28,3.8419833333333333
Vaa Senthaazhini,Justin Prabhakaran,Adiyae (Original Motion Picture Soundtrack),41,4.201383333333333
Mutta Cutie,Anthony Daasan,Adiyae (Original Motion Picture Soundtrack),15,4.484933333333333
Ullukulla Theekaadu,Romy,Adiyae (Original Motion Picture Soundtrack),24,3.525166666666667
"Ordinary Person (From ""Leo"")",Anirudh Ravichander,"Ordinary Person (From ""Leo"")",66,2.32
"Nira - From ""Takkar""",Sid Sriram,"Nira (From ""Takkar"")",68,5.079533333333333
Unnai Kaanadhu Naan,Shankar-Ehsaan-Loy,Vishwaroopam (Tamil) [Original Motion Picture Soundtrack],64,5.618883333333334
"Bae (From ""Don"")",Anirudh Ravichander,"Bae (From ""Don"")",63,4.0438
Sivantha Kangal,Chanderan,Sivantha Kangal,55,3.6279
Alwarpetyai Aaluda,Bharadwaj,Vasool Raja Mbbs (Original Motion Picture Soundtrack),54,5.364233333333333
Kambathu Ponnu,Yuvan Shankar Raja,Kambathu Ponnu,57,3.5833333333333335
Adada Adada,Siddharth,Santhosh Subramaniyam (Original Motion Picture Soundtrack),59,4.093816666666667
Yembuttu Irukkuthu Aasai,D. Imman,Saravanan Irukka Bayamaen (Original Motion Picture Soundtrack),63,4.4972
Vaaya Veera,Shakthisree Gopalan,Kanchana 2,0,4.631016666666667
"Kadhal Aasai (From ""Anjaan"")",Yuvan Shankar Raja,My Playlist: Yuvanshankar Raja,53,5.0625
"Yedho Ondru Ennai (From ""Paiya"")",Yuvan Shankar Raja,"Voice of Yuvanshankar Raja, Vol. 2",55,3.558666666666667
"Adiyae Azhagae - From ""Oru Naal Koothu""",Justin Prabhakaran,"Adiyae Azhagae (From ""Oru Naal Koothu"")",65,4.8234
"Mayilaanjiye - From ""Sivappu Manjal Pachai""",Siddhu Kumar,"Mayilaanjiye (From ""Sivappu Manjal Pachai"")",56,3.5935166666666665
Oxygen,Hiphop Tamizha,Kavan (Original Motion Picture Soundtrack),68,4.568566666666666
"En Fuse Pochu (From ""Arrambam"")",Yuvan Shankar Raja,Take 10: Yuvanshankar Raja,37,4.714216666666666
"Adada Mazhaida (From ""Paiya"")",Yuvan Shankar Raja,My Playlist: Yuvanshankar Raja,47,4.452
"Azhagho Azhaghu (From ""Samar"")",Yuvan Shankar Raja,All About Love: Yuvanshankar Raja,42,4.844883333333334
Uyir Uruvaatha,Sam C.S.,Iravukku Aayiram Kangal (Original Motion Picture Soundtrack),57,4.220683333333334
"Po Indru Neeyaga (From ""Velai Illa Pattadhaari"")",Anirudh Ravichander,Velai Illa Pattadhaari (Original Motion Picture Soundtrack),69,3.7221
Open the Tasmac,Anirudh Ravichander,Maan Karate Special (Original Motion Picture Soundtrack),58,4.101266666666667
Andha Kanna Paathaakaa,Anirudh Ravichander,Master (Original Motion Picture Soundtrack),61,3.2416666666666667
Kaadhal Vaithu,Yuvan Shankar Raja,Deepavali (Original Motion Picture Soundtrack),67,5.15
Enge Ponaalum - Prayer Song,Siddharth Vipin,Idharkuthaane Aasaipattai Balakumara (Original Motion Picture Soundtrack),45,4.5945833333333335
Ei Suzhali,Santhosh Narayanan,Kodi (Original Motion Picture Soundtrack),65,3.6243166666666666
Indru Netru Naalai,Hiphop Tamizha,Indru Netru Naalai (Original Motion Picture Soundtrack),63,3.0869333333333335
Kaatrodu Pattam Pola,N.R. Raghunanthan,Ayothi,37,5.066666666666666
Ennavaley,Dhilip Varman,Saran Z Ennavaley,57,4.0658
"Thaalaattu Paadum Saami - From ""Diary""",Ron Ethan Yohann,"Thaalaattu Paadum Saami (From ""Diary"")",11,4.383333333333334
Azhage Bhramanidam,Deva,Devathayai Kanden (Original Motion Picture Soundtrack),45,4.514716666666667
Konji Pesida Venaam,Nivas K Prasanna,Sethupathi (Original Motion Picture Soundtrack),66,3.779733333333333
Kadavul Thandha Kavithai,Ranjin Raj,Yugi (Original Motion Picture Soundtrack),47,4.9207
Unakku Thaan,Santhosh Narayanan,Chithha (Original Motion Picture Soundtrack),64,3.6035666666666666
"Sandakari Neethan (From ""Sangathamizhan"")",Vivek - Mervin,"Sandakari Neethan (From ""Sangathamizhan"")",56,4.166666666666667
Anthimaalai Neram,Sid Sriram,Monster (Original Motion Picture Soundtrack),43,3.9632
Boomi Enna Suthudhe,Anirudh Ravichander,Ethir Neechal (Original Motion Picture Soundtrack),57,4.367983333333333
Kangal Edho,Dhibu Ninan Thomas,Chithha (Original Motion Picture Soundtrack),55,4.037483333333333
Agayam Theepiditha,Santhosh Narayanan,Madras (Original Motion Picture Soundtrack),62,3.8343666666666665
Anbarey,Santhosh Narayanan,Gulu Gulu (Original Motion Picture Soundtrack),36,3.74
"What a Karavaad (From ""Velai Illa Pattadhaari"")",Anirudh Ravichander,Velai Illa Pattadhaari (Original Motion Picture Soundtrack),63,4.4657
Vaaya moodi summa iruda,Ida Carnley,Vaaya moodi summa iruda,0,4.55845
"Varaha Nadhikarai (From ""Sangamam"")",A.R. Rahman,Ever Green Love Songs (Original Motion Picture Soundtrack),0,6.3016
Pookkal Pookkum,G. V. Prakash,Madharasapattinam (Original Motion Picture Soundtrack),71,6.607766666666667
Vaamma Duraiyamma,G. V. Prakash,Madharasapattinam (Original Motion Picture Soundtrack),47,4.856883333333333
"Saachitale (From ""Love Today"")",Yuvan Shankar Raja,"Saachitale (From ""Love Today"")",51,3.977716666666667
Mersalaayitten,A.R. Rahman,I (Original Motion Picture Soundtrack),60,5.066666666666666
Karuppu Perazhaga,Sichith,Kanchana,0,4.990216666666667
Kanave Nee Naan,Sooraj Santhosh,Kannum Kannum Kollaiyadithaal (Original Motion Picture Soundtrack),50,2.083266666666667
"Ennai Vittu - From ""Kannum Kannum Kollaiyadithaal""",Ranjith Govind,Kannum Kannum Kollaiyadithaal (Original Motion Picture Soundtrack),37,3.8835
Kaththi Theme - Instrumental,Anirudh Ravichander,Kaththi (Original Motion Picture Soundtrack),57,1.0617666666666667
Marappadhilai Nenje - Additional Song,Leon James,Oh My Kadavule (Original Background Score + Additional Songs),64,3.4838666666666667
Neeyum Naanum,Anirudh Ravichander and Neeti Mohan,Wunderboy Anirudh,0,5.0325
Thani Oruvan - The Power of One,Hiphop Tamizha,Thani Oruvan (Original Motion Picture Soundtrack),57,3.8249833333333334
Kadhal Cricket - Love (Not Out),Hiphop Tamizha,Thani Oruvan (Original Motion Picture Soundtrack),60,3.5629166666666667
Veesum Velichathile,Karthik,Naan Ee,49,3.149
"Mayakkama Kalakkama (From ""Thiruchitrambalam"")",Dhanush,"Mayakkama Kalakkama (From ""Thiruchitrambalam"")",64,2.3709666666666664
Kudi Vaazhthu,Mysskin,Kudi Vaazhthu,51,5.1891
Thangamey,Murugavel,Paava Kadhaigal (Original Motion Picture Soundtrack),52,3.0907833333333334
Osaka Osaka,Anirudh Ravichander,Vanakkam Chennai (Original Motion Picture Soundtrack),59,6.1351
"Bujji (From ""Jagame Thandhiram"")",Santhosh Narayanan,"Bujji (From ""Jagame Thandhiram"")",55,4.453383333333333
Kadhal Valarthen,Yuvan Shankar Raja,Manmadhan,0,7.47735
Thalli Pogathey,A.R. Rahman,Achcham Yenbadhu Madamaiyada (Original Motion Picture Soundtrack),60,4.439333333333333
"Two Two Two (From ""Kaathuvaakula Rendu Kaadhal"")",Anirudh Ravichander,"Two Two Two (From ""Kaathuvaakula Rendu Kaadhal"")",55,2.9390833333333335
"Rendu Kaadhal (From ""Kaathuvaakula Rendu Kaadhal"")",Anirudh Ravichander,"Rendu Kaadhal (From ""Kaathuvaakula Rendu Kaadhal"")",63,4.3354
On Nenappu,Sean Roldan,Kathanayagan (Original Motion Picture Soundtrack),38,3.2170833333333335
"Ice Katti Kuruvi - From ""D Block""",Ron Ethan Yohann,"Ice Katti Kuruvi (From ""D Block"")",49,4.398833333333333
"Ilamai Thirumbudhe - From ""Petta""",Anirudh Ravichander,Petta (Original Motion Picture Soundtrack),62,3.6166666666666667
Katrukkulle,Yuvan Shankar Raja,Sarvam (Original Motion Picture Soundtrack),0,4.3751
Kan Pesum Varthaigal,Yuvan Shankar Raja,7/G Rainbow Colony (Original Motion Picture Soundtrack),62,5.804833333333334
Naan Naan,Santhosh Narayanan,Mahaan (Original Motion Picture Soundtrack),61,4.141666666666667
Poi Vazhva,Santhosh Narayanan,Manithan (Original Motion Picture Soundtrack),61,3.986283333333333
Loosu Pennae,Silambarasan TR,Vallavan (Original Motion Picture Soundtrack),0,6.790783333333334
Mei Nigara,Sid Sriram,24 (Tamil) (Original Motion Picture Soundtrack),0,5.279333333333334
Aambalaikum Pombalaikum,Yuvan Shankar Raja,Kazhugoo (Original Motion Picture Soundtrack),55,5.01955
Konjam Konjam,Vijay Prakash,Naan Ee,47,4.12385
Royapuram Peter,Anirudh Ravichander,Maan Karate (Original Motion Picture Soundtrack),47,3.6173
Arabu Naadu,Haricharan,Thottal Poo Malarum,57,5.366883333333333
Naana Thaana,Anirudh Ravichander,Thaanaa Serndha Koottam (Original Motion Picture Soundtrack),49,4.3265666666666664
"Ninaivirukka (From ""Pathu Thala"")",A.R. Rahman,"Ninaivirukka (From ""Pathu Thala"")",50,4.2516
Enna Solla Pogirai,Shankar Mahadevan,Kandukondain Kandukondain,61,6.014666666666667
Kannamma,"Pradeep Kumar,Dhee,Ananthu",Kaala (Tamil) (Original Motion Picture Soundtrack),0,4.830883333333333
"Ullaallaa - From ""Petta""",Anirudh Ravichander,Petta (Original Motion Picture Soundtrack),57,4.933333333333334
Kaathellam,Pradeep Kumar,Gypsy,50,3.7295
Udhungada Sangu,Anirudh Ravichander,Velai Illa Pattadhaari (Original Motion Picture Soundtrack),0,3.494
Melliname,Harish Raghavendra,Shajahaan,67,5.433466666666667
Aga Naga (From “Ponniyin Selvan Part-2”),A.R. Rahman,Aga Naga (From “Ponniyin Selvan Part-2”) [Original Motion Picture Soundtrack],0,4.0573
"Life of Pazham (From ""Thiruchitrambalam"")",Anirudh Ravichander,"Life of Pazham (From ""Thiruchitrambalam"")",55,3.9085666666666667
Vaa Vaathi,G. V. Prakash,Vaathi,67,3.7563333333333335
Marakkuma Nenjam,A.R. Rahman,Vendhu Thanindhathu Kaadu (Original Motion Picture Soundtrack),47,4.305316666666666
Pazhagikalam,Hiphop Tamizha,Aambala (Original Motion Picture Soundtrack),58,3.9442833333333334
"Nethu (From ""Jagame Thandhiram"")",Santhosh Narayanan,"Nethu (From ""Jagame Thandhiram"")",48,3.8618
"Railin Oligal - From ""Blue Star""",Govind Vasantha,"Railin Oligal (From ""Blue Star"")",69,2.6275
Sirikkadhey,Anirudh Ravichander,Remo (Original Motion Picture Soundtrack),64,4.098133333333333
Nijamellam Maranthupochu,Anirudh Ravichander,Ethir Neechal (Original Motion Picture Soundtrack),57,3.8017666666666665
Naan Gaali,Sean Roldan,Good Night (Original Motion Picture Soundtrack),56,4.505866666666667
Engeyum Kaadhal,Harris Jayaraj,Engeyum Kadhal (Original Motion Picture Soundtrack),66,5.503333333333333
Kanave Kanave,Anirudh Ravichander,David,70,4.7464
Solli Tholaiyen Ma,Dhanush,Yaakkai (Original Motion Picture Soundtrack),51,3.39415
Ey Inge Paaru,Anirudh Ravichander,Velai Illa Pattadhaari (Original Motion Picture Soundtrack),0,1.9631333333333334
En Kadhal Solla,Yuvan Shankar Raja,Paiya (Original Motion Picture Soundtrack),68,4.898216666666666
Sakkarai Nilave,Mani Sharma,Youth (Original Motion Picture Soundtrack),56,5.674666666666667
Paisa Note,Hiphop Tamizha,Comali (Original Motion Picture Soundtrack),54,3.0772666666666666
Adhareeni,A.R. Rahman,Sivaji,0,5.7416833333333335
"Thaai Kelavi (From ""Thiruchitrambalam"")",Dhanush,"Thaai Kelavi (From ""Thiruchitrambalam"")",60,4.31515
Namma Thamizh Folku,vaisagh,DADA (Original Motion Picture Soundtrack),0,4.5625
Kadal Raasa Naan,A.R. Rahman,Maryan (Original Motion Picture Soundtrack),56,4.2291
Adiye,A.R. Rahman,Kadal (Original Motion Picture Soundtrack),48,5.032883333333333
Saachitale,Yuvan Shankar Raja,Love Today (Original Motion Picture Soundtrack),43,3.977716666666667
Edakku Modakku,Anirudh Ravichander,Naai Sekar (Original Motion Picture Soundtrack),30,3.1586833333333333
Thillu Mullu,Harris Jayaraj,Gethu (Original Motion Picture Soundtrack),45,6.025566666666666
Pazhangkalla,Harris Jayaraj,Irandaam Ulagam (Original Motion Picture Soundtrack),53,4.38555
Vizhi Moodi,Karthik,Ayan,0,5.537766666666666
Oru Naalaikkul,Yuvan Shankar Raja,Yaaradi Nee Mohini (Original Motion Picture Soundtrack),62,5.667766666666667
"Hukum - Thalaivar Alappara - Tamil (From ""Jailer"")",Anirudh Ravichander,"Hukum - Thalaivar Alappara - Tamil (From ""Jailer"")",66,3.4607833333333335
"Kaathodu Kaathanen (From ""Jail"")",G. V. Prakash,"Kaathodu Kaathanen (From ""Jail"")",50,5.166666666666667
"Sound of Salaar (From ""Salaar Cease Fire"")",Ravi Basrur,Salaar Cease Fire - Tamil (Original Motion Picture Soundtrack),52,2.9195333333333333
Maanja,Anirudh Ravichander,Maan Karate (Original Motion Picture Soundtrack),46,4.7246
Oru Naalil,Yuvan Shankar Raja,Pudhupettai,0,6.4042666666666666
Ey Inge Paaru,Anirudh Ravichander,Velai Illa Pattadhaari (Original Motion Picture Soundtrack),0,1.9631333333333334
Velai Illa Pattadhaari,Anirudh Ravichander,Velai Illa Pattadhaari (Original Motion Picture Soundtrack),0,3.9425833333333333
What a Karavaad,Anirudh Ravichander,Velai Illa Pattadhaari (Original Motion Picture Soundtrack),0,4.4657
Endi Ippadi,Santhosh Narayanan,Enakkul Oruvan (Original Motion Picture Soundtrack),55,3.8135333333333334
"Welcome To Hyderabad (From ""Premalu"")",Vishnu Vijay,"Welcome To Hyderabad (From ""Premalu"")",59,3.7100666666666666
Kutty Kudiye,Vishnu Vijay,Premalu - Tamil (Original Motion Picture Soundtrack),36,3.1224333333333334
Welcome To Hyderabad,Vishnu Vijay,Premalu - Tamil (Original Motion Picture Soundtrack),36,3.7064666666666666
Aanaalum Indha Mayakkam,D. Imman,10 Endrathukulla (Original Motion Picture Soundtrack),53,5.0
Mona Gasolina,A.R. Rahman,Lingaa (Original Motion Picture Soundtrack),49,5.3861
Athana Azhagayum,Santhosh Dhayanidhi,Innimey Ippadithaan (Original Motion Picture Soundtrack),39,3.3423166666666666
Oh...Ho...Sanam,Kamal Haasan,Dhasavathaaram-Tamil,47,5.5244333333333335
Enakke Enakkaa,Unnikrishnan,Jeans (Original Motion Picture Soundtrack),62,7.151916666666667
Anbae Anbae,Hariharan,Jeans (Original Motion Picture Soundtrack),62,5.540466666666667
Aluva Puzha,Vineeth Sreenivasan,Premam,52,3.0532666666666666
Ennodu Nee Irundhaal,A.R. Rahman,I (Original Motion Picture Soundtrack),70,5.8785
Illuminati,Sushin Shyam,Aavesham (Original Motion Picture Soundtrack),68,3.5420833333333333
"Marana Mass - From ""Petta""",Anirudh Ravichander,Petta (Original Motion Picture Soundtrack),63,3.6
Arjunar Villu,Sukhwinder Singh,Gilli (Original Motion Picture Soundtrack),60,4.438483333333333
Kokkorakko,Udit Narayan,Gilli (Original Motion Picture Soundtrack),61,4.570283333333333
Yethi Yethi,Harris Jayaraj,Vaaranam Aayiram (Original Motion Picture Soundtrack),65,4.897766666666667
Mundhinam,Harris Jayaraj,Vaaranam Aayiram (Original Motion Picture Soundtrack),71,5.689766666666666
Rasathi Unna,Ilaiyaraaja,Vaidehi Kaathirundhaal (Original Motion Picture Soundtrack),44,4.397766666666667
"Kurukku Siruthvalea ( From ""Mudhalvan"")",Hariharan,Isai Sangamam,50,6.639016666666667
"Mudhalvanae ( From ""Mudhalvan"")",S. Janaki,Hits of Janaki and Chithra,36,6.534083333333333
Achcho,Udit Narayan,Shajahaan,55,4.466733333333333
Kedakkari,A.R. Rahman,Raavanan (Original Motion Picture Soundtrack),45,5.2104333333333335
Andha Arabi Kadaloram,A.R. Rahman,Bombay,0,5.213983333333333
Usilambatti Pen Kutti Muthu,Shahul Hameed,Gentleman,0,4.668816666666666
Thirupathi Elumalai Venkatesa,Deva,Ninaivirukkum Varai (Original Motion Picture Soundtrack),50,5.46665
Armadham,Sushin Shyam,Aavesham (Original Motion Picture Soundtrack),68,2.8952333333333335
"Naakka Mukka (From ""Kadhalil Vizhundhen"")",Vijay Antony,Naakka Mukka - Best Beat Songs,27,5.053016666666666
"Single Pasanga - From ""Natpe Thunai""",Hiphop Tamizha,"Single Pasanga (From ""Natpe Thunai"")",46,3.74095
"Venaam Machan (From ""Oru Kal Oru Kannadi "")",Harris Jayaraj,"20 Biggest Hits : Harris Jayaraj, Vol. 2",50,5.239333333333334
"Vanga Machan Vanga (From ""Vantha Rajavathaan Varuven"")",P. Leela,"Vanga Machan Vanga (From ""Vantha Rajavathaan Varuven"") - Single",23,3.0375
Vaathi Coming,Anirudh Ravichander,Master (Original Motion Picture Soundtrack),65,3.8042833333333332
Devathaiya Kandein,Harish Raghavendra,Kadhal Kondaen,59,5.176866666666666
Red Cardu,Silambarasan TR,Vantha Rajavathaan Varuven (Original Motion Picture Soundtrack),23,3.48845
"Arakkiyae (From ""Anbarivu"")",Yuvan Shankar Raja,"Arakkiyae (From ""Anbarivu"")",41,3.018483333333333
Aye Aye Aye,Hiphop Tamizha,Aambala (Original Motion Picture Soundtrack),59,3.363783333333333
Karakudi Ilavarasi,Hiphop Tamizha,Kalakalappu 2 (Original Motion Picture Soundtrack),49,4.6531
Pudichiruka Illa Pudikalaya,Hiphop Tamizha,Kalakalappu 2 (Original Motion Picture Soundtrack),48,3.9515666666666664
Naan Konjam Karuppu Thaan,Hiphop Tamizha,Kaththi Sandai (Original Motion Picture Soundtrack),45,4.60765
"Great Ji - From ""Meesaya Murukku""",Hiphop Tamizha,"Great Ji (From ""Meesaya Murukku"")",42,4.361366666666667
Ethir Neechal,Anirudh Ravichander,Ethir Neechal (Original Motion Picture Soundtrack),63,4.512
Chennai City Gangsta,Anirudh Ravichander,Vanakkam Chennai (Original Motion Picture Soundtrack),54,4.292416666666667
"Vaadi Nee Va - From ""Meesaya Murukku""",Rajan Chelliah,"Vaadi Nee Va (From ""Meesaya Murukku"")",48,3.0841166666666666
"Private Party (From ""Don"")",Anirudh Ravichander,"Private Party (From ""Don"")",57,3.6129
Usure Pogudhey,A.R. Rahman,Raavanan (Original Motion Picture Soundtrack),67,6.108433333333333
Selfie Pulla,Anirudh Ravichander,Kaththi (Original Motion Picture Soundtrack),64,4.883333333333334
Yamma Yamma,Harris Jayaraj,7 Aum Arivu (Original Motion Picture Soundtrack),65,6.108433333333333
Anbae Peranbae,Sid Sriram,NGK (Original Motion Picture Soundtrack),66,4.488883333333333
Sara Sara Saara Kathu,Ghibran,Vaagai Sooda Vaa (Original Motion Picture Soundtrack),62,4.9808
En Jannal Vandha,Yuvan Shankar Raja,Theeratha Vilayaatu Pillai (Original Motion Picture Soundtrack),57,4.724666666666667
"Aadungada Enna Suthi (From ""Pokkiri"")",Naveen,Singer Special - Naveen,55,4.4351
"Srivalli (From ""Pushpa - The Rise"")(Tamil)",Devi Sri Prasad,"Srivalli (From ""Pushpa - The Rise"")(Tamil)",55,3.683333333333333
Kannadi Poovukku,Santhosh Dhayanidhi,Enakku Vaaitha Adimaigal (Original Motion Picture Soundtrack),59,3.98965
"Vasantha Mullai (From ""Pokkiri"")",Rahul Nambiar,Hits of Mani Sharma,43,4.255766666666666
"Im so cool (From ""Kaaki Sattai"")",Anirudh Ravichander,Kaaki Sattai (Original Motion Picture Soundtrack),55,3.82385
Sonapareeya,A.R. Rahman,Maryan (Original Motion Picture Soundtrack),59,4.154883333333333
Mun Andhi,Harris Jayaraj,7 Aum Arivu (Original Motion Picture Soundtrack),64,6.246
Excuse Me,Devi Sri Prasad,Kanthaswamy (Original Motion Picture Soundtrack),57,5.780216666666667
Vaaji Vaaji,Hariharan,Sivaji,49,5.78225
Idhayathai Yedho Ondru,Harris Jayaraj,Yennai Arindhaal (Original Motion Picture Soundtrack),62,3.9231833333333332
Senjitaley,Anirudh Ravichander,Remo (Original Motion Picture Soundtrack),66,4.188883333333333
"Un Paer Solla (From ""Minsara Kanna"")",Hariharan,Deva Melody Music Collection Vol-1,0,5.14035
Thanga Thamarai Magalae,S. P. Balasubrahmanyam,Minsara Kanavu (Original Motion Picture Soundtrack),0,5.044433333333333
"Oru Poiyavathu (From ""Jodi"")",Srinivas,Hits of A.R.Rahman Nenjame,56,7.0655
Enna Vilai,A.R. Rahman,Kadhalar Dhinam,0,5.920116666666667
"Kan Pesum Varthaigal (From ""7/G Rainbow Colony"")",Karthik,Play Back Singer Karthik Special,51,5.804833333333334
Sakarai Nilave,Nirthayan,Sakarai Nilave,0,5.7104333333333335
Hosanna,A.R. Rahman,Vinnaithaandi Varuvaayaa (Original Motion Picture Soundtrack),64,5.5091
Govinda,C. Sathya,Engeyum Eppodhum (Original Motion Picture Soundtrack),44,4.099766666666667
Arima Arima,A.R. Rahman,Enthiran (Original Motion Picture Soundtrack),58,5.3056833333333335
"En Kaadhale (From ""Duet"")",S. P. Balasubrahmanyam,SPB Evergreen Songs,0,5.9872
Ailasa Ailasa,Anirudh Ravichander,Vanakkam Chennai (Original Motion Picture Soundtrack),51,4.1011
Muzumathi,A.R. Rahman,Jodhaa Akbar (Tamil) [Original Motion Picture Soundtrack],63,5.20755
Yaar Intha,Haricharan,Boss n' Baskaran (Original Motion Picture Soundtrack),55,5.0727166666666665
Kanave Unai,Hanan Shaah,Kanave Unai,64,1.0447666666666666
Hasili Fisiliye,Harris Jayaraj,Aadhavan (Original Motion Picture Soundtrack),63,5.304433333333333
Muthu Mazhaiye,Devi Sri Prasad,Mazhai (Original Motion Picture Soundtrack),44,1.3882166666666667
Avalum Naanum,A.R. Rahman,Achcham Yenbadhu Madamaiyada (Original Motion Picture Soundtrack),57,4.246216666666666
Visiri,Darbuka Siva,Enai Noki Paayum Thota (Original Motion Picture Soundtrack),64,5.18545
Vizhi Moodi,Karthik,Ayan,66,5.537766666666666
Sajni,Arijit Singh,Laapataa Ladies,66,2.8340666666666667
Aale Saachuputta Kannala,Anirudh Ravichander,Vil Ambu (Original Motion Picture Soundtrack),43,4.4534
High on Love,Sid Sriram,Pyaar Prema Kaadhal (Original Motion Picture Soundtrack),66,4.002816666666667
Kaarkuzhal Kadavaiye,Sriram Parthasarathy,VadaChennai (Original Motion Picture Soundtrack),61,5.2063
"Thaensudare - From ""Lover""",Sean Roldan,Lover (Original Motion Picture Soundtrack),63,3.6083333333333334
"Manasilaayo (From ""Vettaiyan"")",Anirudh Ravichander,"Manasilaayo (From ""Vettaiyan"")",71,3.92715
"Hunter Vantaar (From ""Vettaiyan"")",Anirudh Ravichander,"Hunter Vantaar (From ""Vettaiyan"")",67,3.2105166666666665
Madras To Madurai,Hiphop Tamizha,Aambala (Original Motion Picture Soundtrack),57,4.3777333333333335
Rasaathi Nenja - Madras Gig Season 2,Yuvan Shankar Raja,Rasaathi Nenja (Madras Gig Season 2),43,4.784083333333333
"Chillanjirukkiye (From ""Lubber Pandhu"")",Sean Roldan,"Chillanjirukkiye (From ""Lubber Pandhu"")",72,4.124133333333333
"Angu Vaana Konilu - From ""ARM""",Dhibu Ninan Thomas,"Angu Vaana Konilu (From ""ARM"")",67,4.15
"Kiliye - From ""ARM""",Dhibu Ninan Thomas,"Kiliye (From ""ARM"")",68,4.52735
"Hey Minnale (From ""Amaran"") (Tamil)",G. V. Prakash,"Hey Minnale (From ""Amaran"") (Tamil)",70,3.8301833333333333
"Uyirey (From ""Amaran"") (Tamil)",G. V. Prakash,"Uyirey (From ""Amaran"") (Tamil)",60,3.5
"Kadalenum (From ""Kadhalar Dhinam"")",S. P. Balasubrahmanyam,Hits of A.R.Rahman and Harris Jayaraj,52,6.667316666666666
"Mazhai Thulli (From ""Sangamam"")",A.R. Rahman,Power Hits By A R Rahman (Original Motion Picture Soundtrack),0,6.846683333333333
Dhinam oru kavithai,Sriram Srinivasan,Dhinam oru kavithai,56,1.7
Ka Ka Ka Po,Santhosh Narayanan,Kadhalum Kadanthu Pogum (Original Motion Picture Soundtrack),35,3.7192166666666666
Edhathan Kandutte,Thaman S,Settai (Original Motion Picture Soundtrack),56,2.706
Entammede Jimikki Kammal,Shaan Rahman,Velipadinte Pusthakam (Original Motion Picture Soundtrack),59,3.36
Yenna Solla Pore,Devi Sri Prasad,Venghai (Original Motion Picture Soundtrack),62,4.40555
Otha Sollaala,G. V. Prakash,Aadukalam (Original Motion Picture Soundtrack),70,3.9831
Kaadhal Pannaen,S.N. Arunagiri,Goli Soda (Original Motion Picture Soundtrack),12,4.552
Nillayo,Haricharan,Oru Kadhal Megam,39,4.2114666666666665
Chella Kutti,G. V. Prakash,Theri (Original Motion Picture Soundtrack),54,4.843366666666666
"Chellamma (From ""Doctor"")",Anirudh Ravichander,"Chellamma (From ""Doctor"")",60,3.941666666666667
"Nenjame (From ""Doctor"")",Anirudh Ravichander,"Nenjame (From ""Doctor"")",58,4.275
Kutti Story,Anirudh Ravichander,Master (Original Motion Picture Soundtrack),59,5.008333333333334
Athithom,S. P. Balasubrahmanyam,Chandramukhi,58,4.589766666666667
Aval,Santhosh Narayanan,Manithan (Original Motion Picture Soundtrack),68,4.443983333333334
Aathangarai Maramea Adhil (Original Motion Picture Soundtrack),Mano,Kizhakku Cheemayile (Original Motion Picture Soundtrack),59,4.869766666666667
The Romance Of Power Paandi - Venpani Malare (Male),Sean Roldan,Power Paandi (Original Motion Picture Soundtrack),64,3.8888833333333332
"Kannaana Kanne (From ""Naanum Rowdy Dhaan"")",Anirudh Ravichander,Naanum Rowdy Dhaan (Original Motion Picture Soundtrack),51,4.455683333333333
Pogatha Yennavittu,Pradeep Kumar,Vikram Vedha (Original Motion Picture Soundtrack),60,4.690466666666667
Ippadiye,Rahul Nambiar,Poojai (Original Motion Picture Soundtrack),43,4.566966666666667
Uyire,Yuvan Shankar Raja,Poojai (Original Motion Picture Soundtrack),45,2.43345
Soda Bottle,Yazin,Poojai (Original Motion Picture Soundtrack),29,4.56735
Aaruyire,A.R. Rahman,Guru (Original Motion Picture Soundtrack),70,5.146433333333333
"Urugi Urugi - From ""Joe""",Siddhu Kumar,"Urugi Urugi (From ""Joe"")",68,3.7083333333333335
Balle Lakka,Yuvan Shankar Raja,Mankatha (Original Motion Picture Soundtrack),55,5.256433333333334
Bad Boy,Baba Sehgal,Alex Pandian,48,4.4509
Vethalaiya Potendi,Yuvan Shankar Raja,Billa (Original Motion Picture Soundtrack),58,4.368666666666667
Onnuku Renda,Senthil Ganesh,Vantha Rajavathaan Varuven,39,4.7363333333333335
"Teddy Bear - From ""Naiyaandi""",Ghibran,"Teddy Bear (From ""Naiyaandi"")",47,3.8409666666666666
Kozhi Veda Kozhi,Naveen,Something Something Unakkum Enakkum,54,4.931333333333333
Iraivaa,Leon James,Dragon (Original Motion Picture Soundtrack),59,3.321833333333333
Idhayam Love (Megamo Aval),Santhosh Narayanan,Meyaadha Maan (Original Motion Picture Soundtrack),60,4.852016666666667
"Yaar Azhaippadhu - From ""Maara""",Ghibran,"Yaar Azhaippadhu (From ""Maara"")",56,4.172083333333333
Chellakuttiye - Avastha Love Song,Jecin George,Chellakuttiye (Avastha Love Song),24,3.75975
Amizhdhe Nee,Karthik,Hi Nanna (TAMIL),52,3.5034666666666667
"Yendi Vittu Pona - From ""Dragon""",Leon James,"Yendi Vittu Pona (From ""Dragon"")",65,4.310333333333333
